id|name|scientific_name|asset_stems|biological_facts|habitats|diet_tags|activity|archetype|attributes|bait_ids|method_ids|source_ids|discovery_mode|combat_proposal|research_status
grande-alose|Grande alose|Alosa alosa|grande-alose|Consomme principalement du zooplancton en mer ; arrête de s'alimenter pendant la remontée reproductrice.|estuaire,riviere_migratoire|zooplancton,plancton|selon_stade|migrateur|0.73,0.74,0.71,0.65,0.10,0.70|||bio_aloses|specialist_future|Espèce distincte de l'alose feinte ; observation et approche spécialiste à définir avant capture.|documented
carassin-dore|Carassin doré / poisson rouge|Carassius auratus||Omnivore ; taxon distinct du carassin commun et du carassin argenté, même lorsque la coloration varie.|fond,herbiers,eau_calme|invertebres,vegetaux|selon_conditions|cyprinide_benthique|0.40,0.42,0.43,0.30,0.50,0.40|ver_terre,mais,pain|coup,anglaise|bio_carassins|capture|Petites tractions latérales et pauses ; l'image carassin-doré doit confirmer ce taxon avant rattachement définitif.|documented
ablette|Ablette|Alburnus alburnus|ablette|Omnivore de petite taille consommant invertébrés et débris végétaux.|surface,pleine_eau,eau_calme|insectes,petits_invertebres|jour|petit_banc|0.30,0.16,0.70,0.25,0.10,0.60|asticot,pinkie,ver_vase|coup,anglaise|bio_ablette|capture|Touches rapides et fuite latérale courte ; combat bref mais mou possible au rapprochement.|documented
alose-feinte|Alose feinte|Alosa fallax|alose-feinte|Adulte principalement piscivore en mer ; cesse de se nourrir lors de la remontée reproductrice.|estuaire,riviere_migratoire|poissons,plancton|selon_stade|migrateur|0.76,0.63,0.78,0.66,0.10,0.73||leurre,mouche|bio_aloses|specialist_future|Départs rapides et changements de direction ; réaction aux artificiels distincte de la faim en remontée.|documented
amour-argente|Carpe argentée|Hypophthalmichthys molitrix|amour-argente|Filtre surtout le phytoplancton, avec d'autres petites particules alimentaires.|pleine_eau,eau_calme|phytoplancton,plancton|selon_temperature|filtreur|0.72,0.70,0.53,0.40,0.10,0.42|||bio_argentee|observation|Découverte visuelle d'abord ; aucun combat classique activé sans mécanique de capture documentée.|documented
amour-blanc|Amour blanc / carpe herbivore|Ctenopharyngodon idella|amour-blanc,carpe-herbivore|L'adulte consomme principalement des végétaux aquatiques ; jeunes et adultes ont des régimes différents.|herbiers,eau_calme|vegetaux,graines|selon_temperature|cyprinide_puissant|0.84,0.76,0.52,0.45,0.54,0.47|mais,pain,vegetaux|fond,carpe,stalking|bio_herbivore|capture|Départ puissant, récupération possible puis nouveau départ près du bord ; variation individuelle importante.|documented
amour-marbre|Carpe à grosse tête / amour marbré|Hypophthalmichthys nobilis|amour-marbre|Espèce filtrante dont le zooplancton occupe une place importante dans l'alimentation.|pleine_eau,eau_calme|zooplancton,plancton|selon_temperature|filtreur|0.62,0.82,0.38,0.26,0.08,0.32|||bio_marbree|observation|Profil visible en collection ; capture spécialisée future, sans préférence universelle pour les bouillettes.|documented
anguille-europeenne|Anguille européenne|Anguilla anguilla|anguille-europeenne|Chasse au crépuscule ; consomme invertébrés et poissons. Certaines phases migratoires ne sont plus alimentaires.|fond,abris,eau_calme|vers,invertebres,poissons|crepuscule_nuit|benthique_sinueux|0.56,0.70,0.70,0.54,0.91,0.50|ver_terre,morceau_poisson|fond|bio_anguille|capture|Cherche les abris et oppose des tractions sinueuses ; ne pas confondre avec les départs rectilignes d'un prédateur pélagique.|documented
apron-du-rhone|Apron du Rhône|Zingel asper|apron-du-rhone|Poisson du cours moyen des rivières ; consomme des larves d'insectes et des vers.|fond,riviere_courante,gravier|larves,vers|a_documenter|petit_benthique|0.22,0.26,0.32,0.21,0.80,0.35|||bio_apron|observation|Observation sur le fond ; aucun appât de capture attribué pour cette proposition de découverte.|documented
aspe|Aspe|Leuciscus aspius|aspe|L'adulte chasse surtout de petits poissons près de la surface ; les jeunes ont un régime plus invertébré.|surface,riviere_courante,pleine_eau|poissons,insectes|jour|chasseur_rapide|0.95,0.72,0.85,0.46,0.20,0.73|petit_poisson_nageur,cuiller_ondulante,stickbait|leurre|bio_aspe|capture|Départ très rapide, longues traversées et retour vers le joueur pouvant produire du mou.|documented
barbeau-meridional|Barbeau méridional|Barbus meridionalis|barbeau-meridional|Vit dans des eaux courantes claires et oxygénées ; consomme de petits invertébrés.|fond,riviere_courante,gravier|invertebres|a_documenter|rheophile|0.48,0.65,0.54,0.31,0.53,0.36|ver_terre,asticot,nymphe|coup,toc,mouche|bio_barbeau_meridional|capture|Résistance orientée vers le courant et maintien près du fond ; moins de force absolue qu'un grand barbeau.|documented
barbeau|Barbeau commun|Barbus barbus|barbeau|Se nourrit surtout d'invertébrés benthiques ; les grands adultes peuvent consommer de petits poissons.|fond,riviere_courante,gravier|larves,invertebres,poissons|selon_conditions|rheophile|0.78,0.94,0.42,0.36,0.60,0.33|ver_terre,pellet,asticot,fromage|feeder,fond,coup|bio_barbeau|capture|Tient le fond et exploite le courant ; longs efforts et récupération progressive.|documented
black-bass-petite-bouche|Achigan à petite bouche|Micropterus dolomieu|black-bass-petite-bouche|Recherche notamment les zones rocheuses ; régime carnivore incluant écrevisses, insectes et poissons.|roches,riviere_courante,pleine_eau|ecrevisses,poissons,insectes|jour_crepuscule|carnassier_agile|0.86,0.75,0.90,0.88,0.56,0.86|shad,ecrevisse_souple,crankbait,ver_souple|leurre|bio_bass_petite|capture|Combinaison de déplacements vifs et secousses ; les sauts restent des événements pondérés de gameplay.|documented
black-bass|Achigan à grande bouche|Micropterus salmoides|black-bass|Carnivore opportuniste consommant poissons et autres proies animales ; chasse notamment de jour.|herbiers,abris,eau_calme|poissons,ecrevisses,insectes|jour|carnassier_agile|0.84,0.61,0.83,0.92,0.88,0.87|shad,ver_souple,grenouille_souple,spinnerbait,crankbait|leurre|bio_bass|capture|Départs courts vers les couverts, secousses et sauts occasionnels ; faibles marges de mou dans ces phases.|documented
blageon|Blageon|Telestes souffia|blageon,soufie|Consomme des proies de surface et du fond ; compétition rapide au sein du banc pour les insectes dérivants.|riviere_courante,pleine_eau,surface|insectes,invertebres,algues|jour|petit_banc|0.45,0.31,0.80,0.30,0.17,0.66|asticot,pinkie,mouche_seche,nymphe|coup,toc,mouche|bio_blageon|capture|Touches furtives en dérive et courtes accélérations de banc.|documented
bouviere|Bouvière|Rhodeus amarus|bouviere|Alimentation surtout végétale complétée par de petits invertébrés ; reproduction associée à des moules d'eau douce.|eau_calme,herbiers|vegetaux,phytoplancton,larves|a_documenter|petit_banc|0.16,0.12,0.42,0.18,0.34,0.47|||bio_bouviere|observation|Observation près des plantes et moules ; espèce de découverte, sans combat spectaculaire artificiel.|documented
breme-bordeliere|Brème bordelière|Blicca bjoerkna|breme-bordeliere|Une étude au lac Balaton décrit un régime comprenant mollusques, crustacés et insectes ; proportions non généralisées.|fond,eau_calme|mollusques,invertebres,larves|a_documenter|benthique_lent|0.25,0.38,0.31,0.28,0.12,0.50|ver_vase,asticot,ver_terre|coup,feeder|bio_bordeliere|capture|Traction modérée et mouvements latéraux ; peu de sauts, récupération accessible au matériel léger.|partial
breme-commune|Brème commune|Abramis brama|breme-commune,breme-bronze|Fréquente les eaux calmes ou lentes ; consomme notamment insectes, crustacés, mollusques et plantes.|fond,eau_calme,vase|larves,invertebres,vegetaux|selon_conditions|benthique_lent|0.30,0.48,0.23,0.25,0.15,0.51|ver_vase,asticot,ver_terre,mais|coup,feeder,fond|bio_breme|capture|Résistance lourde et régulière, mouvements de flanc et accalmies lisibles.|documented
brochet|Brochet|Esox lucius|brochet,brochet-trophee|Prédateur chassant à l'affût dans les plantes aquatiques ; attaque brusque depuis son couvert.|herbiers,abris,eau_calme|poissons|jour|embuscade|0.96,0.66,0.73,0.92,0.76,0.82|shad,swimbait,spinnerbait,cuiller_ondulante,poisson_mort|leurre,mort_manie,fond|bio_brochet|capture|Premier départ fort, secousses et tentatives de rejoindre un refuge ; protection contre les dents réellement utile.|documented
carassin-argente|Carassin argenté|Carassius gibelio|carassin-argente|Taxon distinct du carassin commun ; omnivore consommant végétaux, détritus et petits invertébrés.|eau_calme,fond,herbiers|vegetaux,larves,invertebres|selon_conditions|cyprinide_moyen|0.39,0.45,0.44,0.34,0.29,0.46|mais,asticot,ver_terre,pain|coup,feeder|bio_carassins|capture|Départs courts répétés et résistance moyenne ; la taille fait varier la difficulté.|documented
carassin|Carassin commun|Carassius carassius|carassin|Omnivore de milieux calmes consommant végétaux et invertébrés, notamment larves de chironomes.|eau_calme,herbiers,fond|vegetaux,larves,invertebres|selon_conditions|cyprinide_moyen|0.35,0.47,0.35,0.33,0.37,0.44|ver_vase,mais,asticot,ver_terre|coup,feeder|bio_carassins|capture|Touches discrètes proposées et fuite vers la végétation ; pas de puissance augmentée par une coloration.|documented
carpe-commune|Carpe commune|Cyprinus carpio|carpe-commune,carpe-commune-record|Omnivore fouillant le sédiment ; consomme invertébrés et matières végétales. Les formes d'écaillure ne sont pas de nouvelles espèces.|fond,eau_calme,vase,herbiers|invertebres,graines,vegetaux|selon_conditions|cyprinide_puissant|0.87,0.90,0.46,0.41,0.70,0.42|mais,bouillette,pellet,wafter,pop_up,pain|carpe,method_feeder,fond,stalking|bio_carpe|capture|Longs départs, phases de pression soutenue et relance près de la berge ; prudence variable selon individu.|documented
chabot|Chabot commun|Cottus gobio|chabot|Chasse de petits invertébrés du fond ; les œufs et larves de poissons ne sont pas sa nourriture habituelle selon la référence.|fond,roches,riviere_courante|invertebres,larves|aube_crepuscule|petit_benthique|0.25,0.19,0.29,0.30,0.91,0.35|||bio_chabot|observation|Petits déplacements entre les pierres ; découverte par observation proposée.|documented
chevesne|Chevesne / chevaine|Squalius cephalus|chevesne|Régime opportuniste : invertébrés, matières végétales puis davantage de petits poissons chez les grands individus.|riviere_courante,abris,surface|insectes,graines,poissons|selon_conditions|opportuniste_riviere|0.72,0.58,0.71,0.54,0.65,0.68|pain,ver_terre,asticot,petit_poisson_nageur,mouche_seche|coup,fond,leurre,mouche,stalking|bio_chevesne|capture|Premier départ rapide depuis la bordure puis résistance latérale ; bonus au choix de présentation, pas à une canne magique.|documented
coregone|Corégone / lavaret — groupe à préciser|Coregonus lavaretus sensu source|lavaret,coregone-palee|Le profil consulté consomme surtout du zooplancton et aussi des insectes ; identité des populations locales à confirmer.|lac_froid,pleine_eau|zooplancton,larves,insectes|jour|pelagique_froid|0.52,0.57,0.62,0.45,0.10,0.68|nymphe,micro_leurre|gambe,mouche|bio_coregone|specialist_future|Fuite en pleine eau et faibles variations de profondeur ; technique de gambe non activée sans développement spécifique.|partial
cristivomer|Cristivomer|Salvelinus namaycush|cristivomer|Salmonidé lacustre d'eau froide ; profil de référence nord-américain.|lac_froid,fond,pleine_eau|poissons,invertebres|selon_conditions|pelagique_froid|0.68,0.89,0.46,0.55,0.21,0.49|shad,cuiller_ondulante,streamer|verticale,traine,leurre|bio_cristivomer|capture|Résistance profonde et longue remontée ; moins de sauts que les profils de surface dans cette proposition.|partial
eperlan|Éperlan d'Europe|Osmerus eperlanus|eperlan|Synopsis FAO d'un petit poisson de banc ; les données historiques ne doivent pas être confondues avec l'éperlan arc-en-ciel.|estuaire,pleine_eau,lac_froid|zooplancton,petits_invertebres|selon_conditions|petit_banc|0.34,0.22,0.62,0.31,0.09,0.55|micro_leurre|leurre,gambe|bio_eperlan|specialist_future|Petite prise de banc et faible effort absolu ; présentation précise à approfondir.|partial
esturgeon-siberien|Esturgeon sibérien / Baeri|Acipenser baerii|esturgeon-baeri,esturgeon-siberien|Profil FAO d'une espèce élevée en aquaculture ; les pellets d'élevage ne constituent pas une preuve d'appât universel.|fond,eau_calme,riviere_courante|invertebres|selon_conditions|grand_benthique|0.70,0.95,0.29,0.28,0.17,0.39|pellet_esturgeon,ver_terre|fond|bio_baeri|capture|Longue traction au fond et virages larges ; envisager d'abord un lieu de pêche aménagé cohérent.|partial
esturgeon-diamant|Esturgeon russe / diamant|Acipenser gueldenstaedtii|esturgeon-diamant|Recherche la nourriture sur le fond grâce aux barbillons ; les mollusques font partie de son régime adulte.|fond,estuaire|mollusques,invertebres|selon_conditions|grand_benthique|0.67,0.96,0.24,0.25,0.15,0.35|pellet_esturgeon,ver_terre|fond|bio_diamant|capture|Résistance régulière et lourde ; accès proposé en lieu aménagé, sans confondre avec l'esturgeon européen.|documented
esturgeon-europeen|Esturgeon européen|Acipenser sturio|esturgeon-europeen|Poisson amphihalin vivant sur le fond ; recherche des invertébrés avec rostre et barbillons.|fond,estuaire,riviere_migratoire|invertebres,crustaces,mollusques|selon_stade|grand_benthique|0.74,0.96,0.26,0.20,0.16,0.35|||bio_europeen|observation|Découverte d'observation proposée ; aucun classement comme trophée ordinaire à partir de la seule rareté.|documented
gardon|Gardon|Rutilus rutilus|gardon|Omnivore ; les adultes consomment beaucoup de végétaux. Activité alimentaire surtout diurne et réduite au froid.|eau_calme,pleine_eau,herbiers|vegetaux,insectes,invertebres|jour|petit_banc|0.39,0.30,0.59,0.34,0.18,0.56|asticot,pinkie,ver_vase,pain,chenevis|coup,anglaise,feeder|bio_gardon|capture|Petites touches successives et fuite latérale ; les gros spécimens prolongent le combat sans devenir une autre espèce.|documented
goujon|Goujon — identification locale à contrôler|Gobio gobio sensu source|goujon|Fouille le fond pour consommer larves, crustacés, vers et mollusques.|fond,riviere_courante,gravier|larves,invertebres,vers|selon_conditions|petit_benthique|0.23,0.23,0.35,0.21,0.41,0.35|ver_vase,petit_ver,asticot|coup,toc|bio_goujon|capture|Touches basses et courtes résistances près du fond ; le complexe de goujons doit être confirmé dans le catalogue source.|documented
hotu|Hotu / nase|Chondrostoma nasus|hotu,nase|Broute les diatomées fixées aux cailloux et galets ; les jeunes sont moins spécialisés.|fond,riviere_courante,gravier|algues,micro_invertebres|selon_conditions|rheophile|0.56,0.76,0.39,0.27,0.28,0.40|asticot,chenevis|coup,feeder|bio_hotu|capture|Traction dans le courant et déplacements bas ; éviter de le traiter comme un carnassier au shad.|documented
huchon|Huchon|Hucho hucho|huchon|Salmonidé d'eau courante froide et oxygénée ; prédateur de grandes proies animales selon la synthèse.|riviere_courante,abris,fond|poissons|selon_conditions|grand_rheophile|0.90,0.93,0.54,0.67,0.58,0.65|swimbait,streamer|leurre,mouche|bio_huchon|specialist_future|Départ lourd et soutenu dans le courant ; lieu et matériel spécialisé requis avant activation.|documented
ide-melanote|Ide mélanote|Leuciscus idus|ide-melanote|Les jeunes consomment beaucoup de végétaux ; les adultes prennent invertébrés et parfois petits poissons.|riviere_courante,eau_calme,pleine_eau|insectes,invertebres,vegetaux,poissons|selon_conditions|opportuniste_riviere|0.63,0.61,0.60,0.38,0.38,0.54|pain,asticot,ver_terre,mouche_seche,micro_leurre|coup,feeder,mouche,leurre|bio_ide|capture|Fuite en pleine eau plus soutenue qu'un gardon ; varier l'intérêt pour petites esches et artificiels selon le gabarit.|documented
lamproie-de-planer|Lamproie de Planer|Lampetra planeri|lamproie-de-planer|Les larves filtrent des micro-organismes ; après métamorphose, l'individu ne s'alimente plus.|fond,riviere_courante,vase|micro_organismes|selon_stade|non_capture|0,0,0,0,0,0|||bio_lamproie_planer|observation|Observation uniquement dans cette conception ; pas de morsure au ver inventée pour l'adulte.|documented
lamproie-fluviatile|Lamproie fluviatile|Lampetra fluviatilis|lamproie-fluviatile|Larve filtrante ; phase adulte parasitaire en mer. Le cycle ne correspond pas à une pêche ordinaire aux esches.|fond,estuaire,riviere_migratoire|micro_organismes,parasitisme|selon_stade|non_capture|0,0,0,0,0,0|||bio_lamproie_fluviatile|observation|Observation et explication du cycle dans le FishDex ; mécanique dédiée seulement si documentée ultérieurement.|documented
loche-franche|Loche franche|Barbatula barbatula|loche-franche|Recherche de nuit de petits animaux vivant sur le fond, à l'aide de ses barbillons.|fond,roches,riviere_courante|larves,vers,invertebres|nuit|petit_benthique|0.20,0.24,0.32,0.25,0.87,0.33|||bio_loche|observation|Petits déplacements entre les pierres ; découverte naturaliste proposée plutôt que combat surdimensionné.|documented
lotte|Lotte de rivière|Lota lota|lotte|Adulte carnassier consommant poissons et petits animaux de fond ; biologie associée aux eaux froides.|fond,abris,lac_froid|poissons,invertebres|a_documenter|benthique_sinueux|0.46,0.75,0.41,0.43,0.83,0.40|ver_terre,morceau_poisson,poisson_mort|fond|bio_lotte|capture|Reste basse, traction lourde et tentatives de rejoindre les abris ; proposer une activité accrue de nuit à tester.|documented
mulet-porc|Mulet-porc|Chelon ramada|mulet-porc|Omnivore adulte consommant notamment biofilm et matière organique benthique ; recherche alimentaire diurne.|estuaire,fond,surface|algues,invertebres,detritus|jour|opportuniste_riviere|0.81,0.84,0.65,0.44,0.33,0.65|pain,petit_ver|anglaise,fond|bio_mulet|capture|Approche prudente proposée puis longue fuite ; poisson d'estuaire et de rivière, pas résident universel d'un étang.|documented
omble-chevalier|Omble chevalier|Salvelinus alpinus|omble-chevalier|Poisson d'eaux fraîches consommant crustacés planctoniques, mollusques, larves et alevins.|lac_froid,pleine_eau|invertebres,poissons,zooplancton|selon_conditions|pelagique_froid|0.62,0.69,0.62,0.48,0.19,0.58|nymphe,cuiller_ondulante,streamer|mouche,leurre,verticale|bio_omble_chevalier|capture|Alternance de plongées et traversées ; présentation à la bonne couche d'eau déterminante.|documented
omble-de-fontaine|Omble de fontaine|Salvelinus fontinalis|omble-de-fontaine|Vit en eaux fraîches et oxygénées ; régime surtout invertébré complété par œufs, alevins et petites proies.|riviere_courante,lac_froid,abris|invertebres,insectes,poissons|selon_conditions|salmonide_agile|0.66,0.50,0.73,0.61,0.58,0.71|ver_terre,nymphe,mouche_seche,cuiller_tournante|toc,mouche,leurre|bio_omble_fontaine|capture|Départs courts, changements de direction et retour vers les caches ; ne pas copier exactement l'arc-en-ciel.|documented
ombre|Ombre commun|Thymallus thymallus|ombre|Consomme de petites proies du fond et en dérive ; peut gober les insectes émergents.|riviere_courante,fond,surface|insectes,larves,invertebres|selon_conditions|rheophile|0.54,0.67,0.66,0.51,0.22,0.62|nymphe,mouche_seche,mouche_noyee|mouche,toc|bio_ombre|capture|Résistance dans la veine d'eau et virages larges ; touches sur dérive naturelle plutôt que gros leurres automatiques.|documented
perche|Perche fluviatile|Perca fluviatilis|perche,perche-fluviatile|Carnassier souvent en banc, grands sujets plus solitaires ; régime devenant piscivore avec la taille et chasse visuelle.|abris,pleine_eau,herbiers|larves,ecrevisses,poissons|jour_aube_crepuscule|carnassier_agile|0.62,0.40,0.75,0.77,0.49,0.74|petit_ver,shad,micro_leurre,cuiller_tournante|coup,leurre,verticale|bio_perche|capture|Succession d'accélérations courtes et secousses rapides ; faible endurance relative mais gros sujets réellement plus forts.|documented
perche-soleil|Perche-soleil|Lepomis gibbosus|perche-soleil|Chasse à vue de jour ; consomme de petites proies aquatiques variées.|bordure,herbiers,eau_calme|larves,insectes,petits_invertebres|jour|petit_territorial|0.37,0.27,0.57,0.45,0.47,0.54|petit_ver,asticot,micro_leurre|coup,leurre|bio_soleil|capture|Touches brèves près des bordures et petits virages serrés ; pas de longue lutte pour un minuscule poisson.|documented
poisson-chat|Poisson-chat|Ameiurus melas|poisson-chat|Omnivore de fond consommant de nombreuses ressources animales et végétales ; activité surtout nocturne.|fond,vase,eau_calme|vers,invertebres,vegetaux|nuit|benthique_lent|0.34,0.45,0.29,0.37,0.61,0.36|ver_terre,asticot,mais|fond,feeder,coup|bio_chat|capture|Résistance basse et régulière ; ne pas le rendre aussi puissant qu'un grand silure à poids comparable sans justification.|documented
pseudorasbora|Pseudorasbora|Pseudorasbora parva|pseudorasbora|La synthèse consultée indique une alimentation surtout animale ; données locales et rythme d'activité à compléter.|eau_calme,bordure|petits_invertebres|a_documenter|petit_banc|0.18,0.13,0.46,0.20,0.23,0.47|||bio_pseudorasbora|observation|Observation de petits bancs ; aucune préférence détaillée d'appât affirmée par cette recherche partielle.|partial
rotengle|Rotengle|Scardinius erythrophthalmus|rotengle|Omnivore avec préférence végétale plus marquée chez les adultes ; alimentation réduite au froid.|herbiers,surface,eau_calme|vegetaux,insectes,invertebres|selon_conditions|petit_banc|0.42,0.37,0.64,0.33,0.54,0.60|pain,asticot,mouche_seche|coup,anglaise,mouche|bio_rotengle|capture|Touches hautes proposées et fuite vers les herbiers ; distinguer sa présentation préférée de celle du gardon.|documented
sandre|Sandre|Sander lucioperca|sandre,sandre-geant|Chasse petits poissons et écrevisses ; vision adaptée aux eaux troubles ou peu lumineuses.|fond,pleine_eau,abris|poissons,ecrevisses|faible_lumiere|carnassier_profond|0.69,0.61,0.48,0.77,0.46,0.65|shad,finesse,poisson_mort,morceau_poisson|leurre,verticale,fond|bio_sandre|capture|Première traction nette, secousses et maintien en profondeur ; le géant reste un gabarit, pas un nouveau taxon.|documented
saumon-atlantique|Saumon atlantique|Salmo salar|saumon-atlantique|Les adultes se nourrissent en mer et cessent de s'alimenter lors du retour dans leur rivière.|riviere_migratoire,estuaire|poissons,invertebres|selon_stade|migrateur|0.91,0.94,0.84,0.73,0.22,0.80|mouche_noyee,streamer,cuiller_ondulante|mouche,leurre|bio_saumon|specialist_future|Longs départs et changements de profondeur ; réaction aux artificiels en remontée séparée de l'attraction alimentaire.|documented
saumon-roi|Saumon royal / Chinook|Oncorhynchus tshawytscha|saumon-roi|Saumon anadrome du Pacifique ; l'écologie ne doit pas être copiée du saumon atlantique sans contexte.|riviere_migratoire,estuaire|poissons,invertebres|selon_stade|migrateur|0.95,0.97,0.60,0.66,0.22,0.71|cuiller_ondulante,streamer|leurre,mouche,traine|bio_saumon_roi|specialist_future|Départ puissant et effort long ; espace nord-américain futur, pas mélange automatique avec l'étang initial.|partial
silure-glane|Silure glane|Silurus glanis|silure-glane,silure-wels-record|Prédateur opportuniste surtout nocturne, consommant poissons et autres animaux ; les jeunes prennent de petits invertébrés.|fond,abris,pleine_eau|poissons,invertebres|nuit_crepuscule|grand_benthique|0.90,0.98,0.30,0.49,0.80,0.36|ver_terre,morceau_poisson,poisson_mort,gros_shad|fond,leurre,verticale,clonk|bio_silure|capture|Forte pression prolongée, larges virages et plongées ; aucune vitesse maximale exagérée dérivée de sa taille seule.|documented
spirlin|Spirlin|Alburnoides bipunctatus|spirlin|Se nourrit de petites proies transportées par le courant et d'insectes pris en surface.|riviere_courante,pleine_eau,surface|insectes,petits_invertebres,algues|jour|petit_banc|0.38,0.26,0.73,0.29,0.16,0.62|pinkie,asticot,mouche_seche,nymphe|coup,toc,mouche|bio_spirlin|capture|Toucher bref pendant la dérive puis fuite courte dans le courant.|documented
tanche|Tanche|Tinca tinca|tanche|Omnivore fouillant vase et herbiers ; recherche de nourriture accrue au crépuscule et la nuit.|fond,vase,herbiers,eau_calme|invertebres,larves|crepuscule_nuit|cyprinide_puissant|0.56,0.75,0.34,0.36,0.89,0.38|ver_terre,ver_vase,mais,pellet|coup,feeder,fond|bio_tanche|capture|Résistance lourde en cercles et recherche d'herbiers proposées ; les touches peuvent demander une lecture fine du flotteur.|documented
toxostome|Toxostome|Parachondrostoma toxostoma|toxostome|Racle algues et diatomées des substrats et consomme des micro-invertébrés associés.|fond,riviere_courante,gravier|algues,micro_invertebres|selon_conditions|rheophile|0.37,0.49,0.41,0.23,0.26,0.39|asticot|coup|bio_toxostome|specialist_future|Petite résistance de fond ; acquisition d'une fiche par observation possible avant une technique ciblée.|documented
truite-arc-en-ciel|Truite arc-en-ciel|Oncorhynchus mykiss|truite-arc-en-ciel|Consomme invertébrés et petites proies animales ; recherche alimentaire principalement diurne.|riviere_courante,lac_froid,pleine_eau|invertebres,insectes,poissons|jour|salmonide_agile|0.79,0.65,0.88,0.79,0.38,0.85|ver_terre,pate_truite,nymphe,mouche_seche,cuiller_tournante|toc,mouche,leurre,bombette|bio_arc|capture|Changements de direction rapides et sauts pondérés ; pâte à truite liée aux lieux adaptés, pas appât naturel universel.|documented
truite-fario|Truite commune — formes rivière, lac et mer|Salmo trutta|truite-fario,truite-lacustre,truite-de-mer|Le profil de rivière consomme invertébrés et davantage de poissons avec l'âge ; contexte lac/mer à documenter séparément.|riviere_courante,abris,lac_froid|invertebres,insectes,poissons|selon_conditions|salmonide_agile|0.80,0.67,0.79,0.73,0.83,0.77|ver_terre,nymphe,mouche_seche,streamer,cuiller_tournante|toc,mouche,leurre|bio_fario|capture|Départ vers les caches, retour dans le courant et secousses ; profil de rivière ne suffit pas aux formes migratrices et lacustres.|documented
vairon|Vairon — complexe à contrôler|Phoxinus phoxinus sensu source|vairon|Petit omnivore d'eaux fraîches consommant animaux aquatiques, insectes et matières végétales.|riviere_courante,bordure,lac_froid|insectes,invertebres,vegetaux|selon_conditions|petit_banc|0.27,0.14,0.66,0.24,0.41,0.54|pinkie,petit_ver|coup,toc|bio_vairon|capture|Combat très bref et petites oscillations ; taxon local à confirmer au lieu de forcer tous les vairons dans un seul nom.|documented
vandoise|Vandoise|Leuciscus leuciscus|vandoise|Poisson de rivière traité dans la fiche DORIS ; alimentation précise à compléter dans le profil d'intégration.|riviere_courante,pleine_eau|insectes,invertebres|a_documenter|petit_banc|0.42,0.33,0.66,0.31,0.18,0.55|asticot,mouche_seche|coup,mouche|bio_vandoise|capture|Petite fuite dans le courant et touche en dérive ; préférences initiales de jeu à confirmer.|partial
gobie-a-identifier|Gobie — espèce à identifier||gobie|Le nom de fichier ne suffit pas à distinguer les différentes espèces de gobies.||||unresolved|0,0,0,0,0,0||||identity_pending|Aucun profil de combat activé avant identification du taxon dans FishDex.|identity_pending
sandre-dore-a-identifier|Sandre doré — identité à contrôler||sandre-dore|Peut désigner Sander vitreus ou une apparence du sandre européen ; vérifier le catalogue source, pas seulement l'image.||||unresolved|0,0,0,0,0,0|||bio_dore|identity_pending|Si Sander vitreus est confirmé, créer un profil nord-américain distinct ; sinon rattacher l'apparence au taxon correct.|identity_pending
silure-mandarin-a-identifier|Silure mandarin — identité à contrôler||silure-mandarin|Le nom commercial ou artistique ne permet pas d'établir un taxon et une alimentation.||||unresolved|0,0,0,0,0,0||||identity_pending|Ne pas recopier le silure glane et inventer une nouvelle espèce.|identity_pending
