id|title|publisher|url|coverage
bio_ablette|Ablette — Alburnus alburnus|DORIS / FFESSM|https://doris.ffessm.fr/Especes/Alburnus-alburnus-Ablette-1020/%28rOffset%29/2|Alimentation et description
bio_aloses|Aloses — Alosa alosa / fallax|DORIS / FFESSM|https://doris.ffessm.fr/Especes/Alosa-alosa-fallax-Alose-vraie-Alose-feinte-4490|Différence de régime et arrêt de l'alimentation en remontée
bio_argentee|Carpe argentée — Hypophthalmichthys molitrix|DORIS / FFESSM|https://doris.ffessm.fr/Especes/Hypophthalmichthys-molitrix-Carpe-argentee-3428|Filtration du plancton
bio_herbivore|Amour blanc — Ctenopharyngodon idella|DORIS / FFESSM|https://doris.ffessm.fr/Especes/Ctenopharyngodon-idella-Amour-blanc-3888|Alimentation végétale adulte et habitat
bio_marbree|Carpe à grosse tête — Hypophthalmichthys nobilis|FAO|https://www.fao.org/fishery/docs/CDrom/aquaculture/I1129m/file/fr/fr_bigheadcarp.htm|Profil d'espèce élevée et écologie ; ne pas généraliser élevage et capture sauvage
bio_anguille|Anguille — Anguilla anguilla|DORIS / FFESSM|https://doris.ffessm.fr/Especes/Anguilla-anguilla-Anguille-856|Alimentation et activité crépusculaire
bio_apron|Apron du Rhône — Zingel asper|DORIS / FFESSM|https://doris.ffessm.fr/Especes/Apron-du-Rhone3/%28rOffset%29/11|Habitat et alimentation
bio_aspe|Aspe — Leuciscus aspius|DORIS / FFESSM|https://doris.ffessm.fr/Especes/Leuciscus-aspius-Aspe-2994/%28rOffset%29/0|Prédation près de la surface ; ancien synonyme Aspius aspius
bio_barbeau_meridional|Barbeau méridional — Barbus meridionalis|FishBase|https://www.fishbase.se/FieldGuide/FieldGuideSummary.php?GenusName=Barbus&SpeciesName=meridionalis&pda=1&sps=|Habitat courant et petits invertébrés ; synthèse référencée
bio_barbeau|Barbeau commun — Barbus barbus|DORIS / FFESSM|https://doris.ffessm.fr/Especes/Barbeau-commun3|Invertébrés benthiques
bio_bass_petite|Achigan à petite bouche — Micropterus dolomieu|DORIS / FFESSM|https://doris.ffessm.fr/Especes/Micropterus-dolomieu-Achigan-a-petite-bouche-1502|Habitat rocheux et proies
bio_bass|Achigan à grande bouche — Micropterus salmoides|DORIS / FFESSM|https://doris.ffessm.fr/Especes/Micropterus-salmoides-Achigan-a-grande-bouche-2778/%28rOffset%29/17|Alimentation et activité
bio_blageon|Blageon — Leuciscus souffia, aujourd'hui Telestes souffia|DORIS / FFESSM|https://doris.ffessm.fr/Especes/Leuciscus-souffia-Blageon-2168/%28rOffset%29/0|Compétition de banc et proies en dérive
bio_bouviere|Bouvière — Rhodeus amarus|DORIS / FFESSM|https://doris.ffessm.fr/Especes/Rhodeus-amarus-Bouviere-1325/%28rOffset%29/17|Alimentation et lien de reproduction avec les moules
bio_bordeliere|Blicca bjoerkna — alimentation étudiée au lac Balaton|FishBase / Specziár, Tölg et Biró 1997|https://fishbase.se/TrophicEco/DietCompoSummary.php?dietcode=2139&genusname=Blicca&speciesname=bjoerkna|Composition locale du régime ; ne pas extrapoler les pourcentages à toutes les eaux
bio_breme|Brème commune — Abramis brama|DORIS / FFESSM|https://doris.ffessm.fr/Especes/Abramis-brama-Breme-commune-237/%28rOffset%29/4|Habitat calme et alimentation
bio_brochet|Brochet — Esox lucius|DORIS / FFESSM|https://doris.ffessm.fr/Especes/Esox-lucius-Brochet-366|Chasse à l'affût dans les plantes aquatiques
bio_carassins|Carassins commun, argenté et doré|DORIS / FFESSM|https://doris.ffessm.fr/Especes/Carassius-spp.-Carassin-commun-carassin-argente-et-carassin-dore-2552|Taxons distincts et alimentation commune
bio_carpe|Carpe commune — Cyprinus carpio|DORIS / FFESSM|https://doris.ffessm.fr/Especes/Cyprinus-carpio-Carpe-commune-248/%28rOffset%29/8|Fouille du sédiment, alimentation et formes d'écaillure
bio_chabot|Chabot — Cottus gobio|DORIS / FFESSM|https://doris.ffessm.fr/Especes/Cottus-gobio-Chabot-commun-241|Petits invertébrés benthiques et activité
bio_chevesne|Chevaine — Squalius cephalus|DORIS / FFESSM|https://doris.ffessm.fr/Especes/Squalius-cephalus-Chevaine-615|Régime opportuniste variant avec l'âge
bio_coregone|Corégone — Coregonus lavaretus|DORIS / FFESSM|https://doris.ffessm.fr/Especes/Coregone3/%28rOffset%29/4|Plancton, insectes et capture visuelle ; identités locales à contrôler
bio_cristivomer|Lake trout — Salvelinus namaycush|U.S. Fish & Wildlife Service|https://www.fws.gov/species/lake-trout-salvelinus-namaycush|Habitat et profil d'espèce
bio_eperlan|Synopsis of biological data on smelt Osmerus eperlanus|FAO|https://www.fao.org/4/96024e/96024e.pdf|Synopsis historique ; certains traitements taxonomiques demandent une vérification moderne
bio_baeri|Esturgeon sibérien — Acipenser baerii|FAO|https://www.fao.org/fishery/docs/CDrom/aquaculture/I1129m/file/fr/fr_acipenser.htm|Profil d'aquaculture ; alimentation d'élevage distincte de la pêche sauvage
bio_diamant|Russian sturgeon — Acipenser gueldenstaedtii|Caspian Environment Programme / IW:LEARN|https://archive.iwlearn.net/caspianenvironment.org/CaspBIS/Taxons/Taxon8254.html?taxonid=4|Recherche benthique et régime ; fiche historique archivée
bio_europeen|Esturgeon européen — Acipenser sturio|DORIS / FFESSM|https://doris.ffessm.fr/Especes/Acipenser-sturio-Esturgeon-europeen-1321|Vie sur le fond et alimentation
bio_gardon|Gardon — Rutilus rutilus|DORIS / FFESSM|https://doris.ffessm.fr/Especes/Rutilus-rutilus-Gardon-289/%28rOffset%29/1|Omnivorie, végétaux adultes et activité de jour
bio_goujon|Goujon — Gobio gobio|DORIS / FFESSM|https://doris.ffessm.fr/Especes/Gobio-gobio-Goujon-363|Invertébrés benthiques et recherche au fond
bio_hotu|Hotu — Chondrostoma nasus|DORIS / FFESSM|https://doris.ffessm.fr/Especes/Chondrostoma-nasus-Hotu-2164/%28rOffset%29/8|Raclage de diatomées sur substrat
bio_huchon|Hucho hucho — ecology summary|FishBase|https://www.fishbase.se/Ecology/Hucho_hucho|Eaux courantes oxygénées et prédation ; synthèse référencée
bio_ide|Ide mélanote — Leuciscus idus|DORIS / FFESSM|https://doris.ffessm.fr/Especes/Leuciscus-idus-Ide-melanote-2167/%28rOffset%29/6|Régime variant selon âge et milieu
bio_lamproie_planer|Lamproie de Planer — Lampetra planeri|DORIS / FFESSM|https://doris.ffessm.fr/Especes/Lampetra-planeri-Lamproie-de-Planer-1636|Filtration larvaire puis arrêt de l'alimentation
bio_lamproie_fluviatile|Lamproie de rivière — Lampetra fluviatilis|DORIS / FFESSM|https://doris.ffessm.fr/Especes/Lampetra-fluviatilis-Lamproie-de-riviere-1122|Filtration larvaire et parasitisme adulte
bio_loche|Loche franche — Barbatula barbatula|DORIS / FFESSM|https://doris.ffessm.fr/Especes/Barbatula-barbatula-Loche-franche-269|Petits animaux de fond et recherche nocturne
bio_lotte|Lotte de rivière — Lota lota|DORIS / FFESSM|https://doris.ffessm.fr/Especes/Lota-lota-Lotte-de-riviere-204|Prédation au fond et biologie d'eau froide
bio_mulet|Mulet-porc — Chelon ramada|DORIS / FFESSM|https://doris.ffessm.fr/Especes/Chelon-ramada-Mulet-porc-1985|Omnivorie, biofilm et activité diurne ; ne pas confondre avec Chelon labrosus
bio_omble_chevalier|Omble chevalier — Salvelinus alpinus|DORIS / FFESSM|https://doris.ffessm.fr/Especes/Salvelinus-alpinus-Omble-chevalier-1751/%28rOffset%29/18|Eaux fraîches, invertébrés et alevins
bio_omble_fontaine|Omble de fontaine — Salvelinus fontinalis|DORIS / FFESSM|https://doris.ffessm.fr/Especes/Salvelinus-fontinalis-Omble-de-fontaine-1657|Eaux fraîches et invertébrés
bio_ombre|Ombre commun — Thymallus thymallus|DORIS / FFESSM|https://doris.ffessm.fr/Especes/Thymallus-thymallus-Ombre-commun-2169/%28rOffset%29/12|Proies du fond et insectes en dérive
bio_perche|Perche — Perca fluviatilis|DORIS / FFESSM|https://doris.ffessm.fr/Especes/Perca-fluviatilis-Perche-330|Bancs, prédation visuelle et évolution du régime
bio_soleil|Perche-soleil — Lepomis gibbosus|DORIS / FFESSM|https://doris.ffessm.fr/Especes/Lepomis-gibbosus-Perche-soleil-287/|Petites proies et chasse de jour
bio_chat|Poisson-chat — Ameiurus melas|DORIS / FFESSM|https://doris.ffessm.fr/Especes/Ameiurus-melas-Poisson-chat-990/%28rOffset%29/1|Omnivorie et vie au fond
bio_pseudorasbora|Pseudorasbora parva — ecology|FishBase|https://www.fishbase.se/Ecology/Pseudorasbora_parva|Alimentation surtout animale ; profil partiel
bio_rotengle|Rotengle — Scardinius erythrophthalmus|DORIS / FFESSM|https://doris.ffessm.fr/Especes/Scardinius-erythrophthalmus-Rotengle-1078|Régime omnivore avec tendance végétale adulte
bio_sandre|Sandre — Sander lucioperca|DORIS / FFESSM|https://doris.ffessm.fr/Especes/Sander-lucioperca-Sandre-290|Petits poissons et vision en faible luminosité
bio_dore|Doré jaune — Sander vitreus|DORIS / FFESSM|https://doris.ffessm.fr/Especes/Sander-vitreus-Dore-jaune-1503/%28rOffset%29/11|Espèce nord-américaine distincte du sandre européen
bio_saumon|Saumon atlantique — Salmo salar|DORIS / FFESSM|https://doris.ffessm.fr/Especes/Salmo-salar-Saumon-769|Alimentation en mer et arrêt en remontée adulte
bio_saumon_roi|Chinook salmon — Oncorhynchus tshawytscha|NOAA Fisheries|https://www.fisheries.noaa.gov/species/chinook-salmon|Profil de l'espèce ; contexte nord-américain
bio_silure|Silure glane — Silurus glanis|DORIS / FFESSM|https://doris.ffessm.fr/Especes/Silurus-glanis-Silure-glane-364|Prédation opportuniste et activité surtout nocturne
bio_spirlin|Spirlin — Alburnoides bipunctatus|DORIS / FFESSM|https://doris.ffessm.fr/Especes/Alburnoides-bipunctatus-Spirlin-2163|Petites proies en courant et en surface
bio_tanche|Tanche — Tinca tinca|DORIS / FFESSM|https://doris.ffessm.fr/Especes/Tinca-tinca-Tanche-249/%28rOffset%29/15|Recherche de nourriture au fond et activité crépusculaire
bio_toxostome|Toxostome — Parachondrostoma toxostoma|DORIS / FFESSM|https://doris.ffessm.fr/Especes/Toxostome3/%28rOffset%29/fiche_fiche.asp?fiche_numero=2164|Raclage des fonds ; source sous ancien nom Chondrostoma toxostoma
bio_arc|Truite arc-en-ciel — Oncorhynchus mykiss|DORIS / FFESSM|https://doris.ffessm.fr/Especes/Oncorhynchus-mykiss-Truite-arc-en-ciel-2308|Invertébrés, poissons et activité diurne
bio_fario|Truite de rivière — Salmo trutta|DORIS / FFESSM|https://doris.ffessm.fr/Especes/Salmo-trutta-fario-Truite-de-riviere-388/%28rOffset%29/8|Régime variant avec l'âge ; source désigne la forme fario
bio_vairon|Vairon — Phoxinus phoxinus|DORIS / FFESSM|https://doris.ffessm.fr/Especes/Phoxinus-phoxinus-Vairon-1656|Omnivorie et eaux fraîches ; complexe taxonomique à contrôler
bio_vandoise|Vandoise — Leuciscus leuciscus|DORIS / FFESSM|https://doris.ffessm.fr/ref/specie/2166|Profil d'espèce
tech_coup|Tackle, methods and bait|Inland Fisheries Ireland|https://fishinginireland.info/coarse/cbait/|Méthodes généralistes et appâts usuels
tech_feeder|Introduction to feeder fishing|Fishing in Ireland / Blackwood Bait and Tackle|https://fishinginireland.info/2025/coarse-reports/an-introduction-to-feeder-fishing-by-blackwood-bait-and-tackle/|Pratique feeder ; retour de praticien hébergé par IFI
tech_feeder_potence|Potence feeder coulissante|Caperlan / Decathlon|https://www.decathlon.fr/p/potence-feeder-coulissante-6cm-ff-p-m/328416/c4m8603429|Fixation coulissante et sensibilité
tech_carp_rigs|Guide des montages carpe|Korda|https://kordatackle.com/knowledge/a-guide-to-the-best-carp-rigs|Comparaison de recettes ; synthèse de fabricant
tech_ronnie|How to tie the Ronnie rig|Korda|https://kordatackle.com/knowledge/how-to-tie-the-ronnie-rig-a-step-by-step-guide|Composants et esche pop-up
tech_chod|Spring fishing with chod rigs|Korda|https://kordatackle.com/knowledge/what-is-a-chod-rig-and-how-do-you-use-them|Montage hélicoptère à présentation surélevée
tech_pva|Solid PVA bags and rigs explained|Korda|https://kordatackle.com/knowledge/solid-pva-bags-and-pva-bag-rigs|Dissolution et amorçage localisé
tech_pva_mesh|Using PVA mesh for carp fishing|Korda|https://kordatackle.com/knowledge/using-pva-mesh-for-carp-fishing|Petit amorçage et limitation des emmêlements
tech_lead_clip|Lead clip systems and safety|Korda|https://kordatackle.com/knowledge/using-lead-clips-for-fishing-what-makes-them-such-a-good-choice-of-lead-system|Libération du plomb selon fixation et résistance
tech_fly|Trout fishing methods|Inland Fisheries Ireland|https://fishinginireland.info/trout/trmethods/|Mouche et autres approches de la truite
tech_waggler|Loaded pellet wagglers|Drennan|https://www.drennantackle.com/products/floats/wagglers/loaded-pellet-wagglers/|Flotteurs préplombés et fixation
tech_float_weights|Non-toxic waggler weights|Drennan|https://www.drennantackle.com/products/tackle/bits-and-pieces/waggler-weights/|Lests pour flotteurs
tech_elastic|Hybrid solid pole elastic|Drennan|https://www.drennantackle.com/products/pole-accessories/hybrid-solid-pole-elastic-2/|Amortissement par élastique sur grande canne
tech_soft_rigs|Les montages pour leurres souples|Sakura|https://www.sakura-fishing.com/montages-leurres-souples/|Weightless, Texas, Carolina et montages finesse
tech_texas|Texas rig kit|VMC / Rapala|https://www.rapala.com/us_en/trk-texas-rig-kit|Composants de la famille Texas
tech_drop_shot|Tungsten round drop shot|Sakura|https://www.sakura-fishing.com/accessoire/tungsten-round-drop-shot/|Lest et fixation drop-shot
tech_tokyo|Tokyo rig in thick grass|VMC / Rapala|https://blog.rapala.com/news/land-more-bass-in-thick-grass-with-the-new-vmc-tokyo-rig/|Présentation du Tokyo rig
tech_lures|Leurres artificiels|Sakura|https://www.sakura-fishing.com/leurres/|Familles commerciales de leurres ; caractéristiques détaillées à confirmer par fiche
tech_topwater|Topwaters — leurres de surface|Sakura|https://www.sakura-fishing.com/leurres/topwaters-surface/|Famille des leurres de surface
tech_spinner|Cajun spinnerbait|Sakura|https://www.sakura-fishing.com/leurre/spinnerbaits-cajun/|Vibrations et récupération ; conseils de fabricant
tech_crank|Crankbaits|Sakura|https://www.sakura-fishing.com/leurres/crankbaits/|Famille des poissons nageurs à bavette
tech_wafter|Band'um wafters|Sonubaits|https://www.sonubaits.com/de/products/hookbaits/sp-10353|Flottabilité équilibrée entre esche coulante et pop-up
tech_bait_catalogue|Catalogue appâts et amorces|Sonubaits|https://www.sonubaits.com/fr/products|Pellets, amorces, pop-ups et wafters
tech_boilie|The Source boilies|Dynamite Baits|https://dynamitebaits.com/cz/product/the-source-boilies/|Famille bouillette ; aucune promesse commerciale reprise
tech_anglaise_fixe|Montage d'un waggler fixe|Garbolino|https://www.garbolino.fr/peche-a-langlaise-montage-dun-waggler-fixe/|Famille anglaise fixe ; distances de praticien non transposées en limites universelles
tech_anglaise_coulissant|Montage coulissant dit méthode anglaise|Garbolino|https://www.garbolino.fr/montage-peche-a-langlaise-montage-coulissant-dit-methode-anglaise/|Plombée et waggler coulissant
tech_toc|Comment bien débuter la pêche au toc|Caperlan / Decathlon|https://conseilsport.decathlon.fr/comment-bien-debuter-la-peche-au-toc|Dérive et adaptation de la plombée au courant
tech_toc_variantes|La pêche au toc|Fédération de pêche des Alpes-Maritimes|https://www.peche06.fr/4547-la-peche-au-toc.htm|Variantes selon courant ; schémas à consulter avant simulation détaillée
tech_ned|Tête Tungsten Ned Rig|Sakura|https://www.sakura-fishing.com/accessoire/tungsten-ned-rig-jig-head/|Présentation et tête du Ned rig
tech_noeuds|Guide des nœuds|Rapala / Sufix|https://www.rapala.fr/eu_fr/knot-tying-guide-fr|Connexions boucle, Palomar et FG ; aucun coefficient de résistance universel
tech_bolo|Flotteur bolognaise SP B10|Garbolino|https://www.garbolino.fr/produits/univers-coup/flotteurs/flotteurs-anglaise-bolo-competition/flotteur-bolognaise-competition-sp-b10-garbolino/|Famille bolognaise ; référence produit et quille de stabilité
tech_bombette|Comment choisir sa bombette|Caperlan / Decathlon|https://www.decathlon.fr/c/htc/comment-choisir-sa-bombette_f1c4b6db-1c43-4e78-87c8-1d7021ca862f|Masse de lancer et discrétion ; flottabilité distincte
tech_premiere_ligne|Comment monter ses premières lignes|Caperlan / Decathlon|https://conseilsport.decathlon.fr/comment-monter-ses-premieres-lignes|Corps de ligne, flotteur, répartition de plombée, terminal et esches fines
tech_souples_caperlan|Leurres souples — tous les montages|Caperlan / Decathlon|https://conseilsport.decathlon.fr/leurres-souples-tous-les-montages|Présentation des montages souples usuels
